"山本 あすか",1624285,沖縄県,渡辺市,山田町杉山4-7-9,06-8989-1144,taichi.koizumi@example.com,1950-05-18,7,眼めがねそうだろう。ああしでぴょんぼう。
"伊藤 健一",1269824,鹿児島県,宇野市,鈴木町村山6-4-1,090-2910-9988,tsuda.kyosuke@example.com,1962-02-26,31,汽車はだし、第一だいに間（一時間で行く。
"野村 翔太",3875613,茨城県,西之園市,津田町佐々木4-4-8,080-5119-6324,yoko.tanabe@example.com,1982-06-20,7,らずカムパネルラというようにあれは、明。
"渡辺 七夏",3071040,奈良県,井上市,中島町三宅5-8-10,099-068-0480,yosuke82@example.com,1984-03-22,73,ジョバンニはどちらちらちらの水が深いほ。
"廣川 桃子",1791639,北海道,浜田市,田辺町佐藤5-9-4,080-4417-5473,yuta.koizumi@example.net,1994-06-24,13,だと考えと、いまして、まるで運動場うん。
"中津川 知実",9566984,奈良県,桐山市,中津川町山口9-1-4,090-1193-6429,harada.mitsuru@example.com,1986-05-07,20,と消きえたきれにしまって、まるで鼠ねず。
"木村 美加子",2683051,長野県,宮沢市,廣川町喜嶋9-3-3,0702-30-9349,naoto.sato@example.net,1988-05-08,12,ったのでしたしぁ、べられ、白い牧場ぼく。
"小泉 美加子",5725384,新潟県,中村市,村山町山本9-3-5,080-8057-2068,maaya27@example.net,1996-05-07,5,射はんぶんの凸とつるで遠くかがやるんだ。
"野村 花子",8026024,福井県,松本市,鈴木町笹田6-2-3,090-6287-4750,momoko73@example.net,1970-11-10,23,になったくさん働はたを高くはいっぱいで。
"吉本 康弘",6154426,東京都,坂本市,加藤町廣川8-7-5,090-6636-9469,vwatanabe@example.org,1994-02-07,95,ちは思いました。「とうに高い高い高いか。
